{"is_source_file": false, "format": "", "description": "", "external_files": [], "external_methods": [], "published": [], "classes": [], "methods": [], "calls": [], "search-terms": [], "state": 2, "file_id": 7, "knowledge_revision": 19, "git_revision": "33e2c33aab63109b5b7becf48474aed8026699aa", "hash": "f5f133af6f318373d42c8bb075ec97bb", "format-version": 4, "code-base-name": "resident_directory_frontend", "filename": "README.md", "revision_history": [{"19": "33e2c33aab63109b5b7becf48474aed8026699aa"}]}