{"is_source_file": false, "format": "", "description": "", "external_files": [], "external_methods": [], "published": [], "classes": [], "methods": [], "calls": [], "search-terms": [], "state": 2, "file_id": 17, "knowledge_revision": 23, "git_revision": "31a0c70ad662a30de4bce1c8ab6ff06da6f3313c", "hash": "d2b40d02d5f7873d8a6713bad837edd4", "format-version": 4, "code-base-name": "resident_directory_frontend", "filename": "resident_directory_frontend/public/index.html", "revision_history": [{"23": "31a0c70ad662a30de4bce1c8ab6ff06da6f3313c"}]}