{"is_source_file": true, "format": "JavaScript Module (ESM)", "description": "ESLint configuration file defining linting rules, plugin integrations, and parser options for a JavaScript/React project.", "external_files": ["@eslint/js", "eslint-plugin-react"], "external_methods": [], "published": ["default"], "classes": [], "methods": [], "calls": ["pluginJs", "pluginReact", "pluginJs.configs.recommended"], "search-terms": ["eslint", "eslint.config", "eslint plugin", "react", "parserOptions", "rules"], "state": 2, "file_id": 16, "knowledge_revision": 20, "git_revision": "31a0c70ad662a30de4bce1c8ab6ff06da6f3313c", "hash": "be6538e7523bc2e9da0743133d784136", "format-version": 4, "code-base-name": "resident_directory_frontend", "filename": "resident_directory_frontend/eslint.config.mjs", "revision_history": [{"20": "31a0c70ad662a30de4bce1c8ab6ff06da6f3313c"}]}