{"is_source_file": false, "format": "", "description": "", "external_files": [], "external_methods": [], "published": [], "classes": [], "methods": [], "calls": [], "search-terms": [], "state": 2, "file_id": 14, "knowledge_revision": 15, "git_revision": "31a0c70ad662a30de4bce1c8ab6ff06da6f3313c", "hash": "ebece526bc2eadd78ddd787a76c56607", "format-version": 4, "code-base-name": "resident_directory_frontend", "filename": "resident_directory_frontend/README.md", "revision_history": [{"15": "31a0c70ad662a30de4bce1c8ab6ff06da6f3313c"}]}