{"is_source_file": false, "format": "", "description": "", "external_files": [], "external_methods": [], "published": [], "classes": [], "methods": [], "calls": [], "search-terms": [], "state": 2, "file_id": 15, "knowledge_revision": 21, "git_revision": "31a0c70ad662a30de4bce1c8ab6ff06da6f3313c", "hash": "d001d53c059625c4bcf75bf5a7f3fcf0", "format-version": 4, "code-base-name": "resident_directory_frontend", "filename": "resident_directory_frontend/package.json", "revision_history": [{"21": "31a0c70ad662a30de4bce1c8ab6ff06da6f3313c"}]}