{"is_source_file": false, "format": "", "description": "", "external_files": [], "external_methods": [], "published": [], "classes": [], "methods": [], "calls": [], "search-terms": [], "state": 2, "file_id": 10, "knowledge_revision": 18, "git_revision": "31a0c70ad662a30de4bce1c8ab6ff06da6f3313c", "ctags": [], "hash": "1a77571e1a8cf36018a41bcedf60db75", "format-version": 4, "code-base-name": "resident_directory_frontend", "filename": "resident_directory_frontend/src/setupTests.js", "revision_history": [{"18": "31a0c70ad662a30de4bce1c8ab6ff06da6f3313c"}]}