{"is_source_file": true, "format": "JavaScript (React JSX)", "description": "This file is the entry point for a React application, importing core libraries, styles, and the main App component, then rendering it into the DOM.", "external_files": ["./index.css", "./App"], "external_methods": ["ReactDOM.createRoot", "root.render"], "published": [], "classes": [], "methods": [{"name": "ReactDOM.createRoot", "description": "Creates a React root for rendering into the specified DOM element."}, {"name": "root.render", "description": "Renders the React component tree into the DOM."}], "calls": ["ReactDOM.createRoot", "root.render"], "search-terms": ["index.js", "React entry point", "ReactDOM", "render", "App component"], "state": 2, "file_id": 11, "knowledge_revision": 26, "git_revision": "31a0c70ad662a30de4bce1c8ab6ff06da6f3313c", "ctags": [{"_type": "tag", "name": "root", "path": "/home/kavia/workspace/code-generation/resident-directory-management-312296-312305/resident_directory_frontend/src/index.js", "pattern": "/^const root = ReactDOM.createRoot(document.getElementById('root'));$/", "language": "JavaScript", "kind": "constant"}], "hash": "9fc5841375336fc175b49f8767a11383", "format-version": 4, "code-base-name": "resident_directory_frontend", "filename": "resident_directory_frontend/src/index.js", "revision_history": [{"26": "31a0c70ad662a30de4bce1c8ab6ff06da6f3313c"}]}