{"is_source_file": false, "format": "", "description": "", "external_files": [], "external_methods": [], "published": [], "classes": [], "methods": [], "calls": [], "search-terms": [], "state": 2, "file_id": 18, "knowledge_revision": 24, "git_revision": "31a0c70ad662a30de4bce1c8ab6ff06da6f3313c", "hash": "d9d975cebe2ec20b6c652e1e4c12ccf0", "format-version": 4, "code-base-name": "resident_directory_frontend", "filename": "resident_directory_frontend/public/manifest.json", "revision_history": [{"24": "31a0c70ad662a30de4bce1c8ab6ff06da6f3313c"}]}