{"is_source_file": false, "format": null, "description": "", "external_files": [], "external_methods": [], "published": [], "classes": [], "methods": [], "calls": [], "search-terms": ["App.css", "CSS variables", "theme", "light theme", "dark theme", "responsive design"], "state": 2, "file_id": 12, "knowledge_revision": 16, "git_revision": "31a0c70ad662a30de4bce1c8ab6ff06da6f3313c", "hash": "22f9e17cc1848b56dbb244518ac2707e", "format-version": 4, "code-base-name": "resident_directory_frontend", "filename": "resident_directory_frontend/src/App.css", "revision_history": [{"16": "31a0c70ad662a30de4bce1c8ab6ff06da6f3313c"}]}