{"is_source_file": true, "format": "JavaScript (React JSX)", "description": "This is a React component file defining the main App component, which manages a theme toggle between light and dark modes. It includes UI elements such as a button to toggle theme, an image, and some content with links.", "external_files": ["./logo.svg", "./App.css"], "external_methods": ["React.useState", "React.useEffect"], "published": ["App"], "classes": [], "methods": [{"name": "App()", "description": "The main React functional component that renders the application's UI and manages theme state.", "scope": "", "scopeKind": ""}, {"name": "toggleTheme", "description": "A function to switch the theme state between 'light' and 'dark'."}], "calls": ["React.useState", "React.useEffect", "document.documentElement.setAttribute", "setTheme", "prevTheme => prevTheme === 'light' ? 'dark' : 'light'", "document.documentElement.setAttribute"], "search-terms": ["React", "theme toggle", "useState", "useEffect", "App component", "light/dark mode"], "state": 2, "file_id": 9, "knowledge_revision": 22, "git_revision": "31a0c70ad662a30de4bce1c8ab6ff06da6f3313c", "ctags": [{"_type": "tag", "name": "App", "path": "/home/kavia/workspace/code-generation/resident-directory-management-312296-312305/resident_directory_frontend/src/App.js", "pattern": "/^function App() {$/", "language": "JavaScript", "kind": "function", "signature": "()"}, {"_type": "tag", "name": "Switch to ${theme === 'light' ? 'dark' : 'light'} mode", "path": "/home/kavia/workspace/code-generation/resident-directory-management-312296-312305/resident_directory_frontend/src/App.js", "pattern": "/^          aria-label={`Switch to ${theme === 'light' ? 'dark' : 'light'} mode`}$/", "language": "JavaScript", "kind": "field", "scope": "App.aria", "scopeKind": "class"}, {"_type": "tag", "name": "toggleTheme", "path": "/home/kavia/workspace/code-generation/resident-directory-management-312296-312305/resident_directory_frontend/src/App.js", "pattern": "/^          onClick={toggleTheme}$/", "language": "JavaScript", "kind": "field", "scope": "App.onClick", "scopeKind": "class"}], "hash": "b55dd9e6a018e59207d8e277dffd9e11", "format-version": 4, "code-base-name": "resident_directory_frontend", "filename": "resident_directory_frontend/src/App.js", "fields": [{"name": "aria-label={`Switch to ${theme === 'light' ? 'dark' : 'light'} mode`}", "scope": "App.aria", "scopeKind": "class", "description": "unavailable"}, {"name": "onClick={toggleTheme}", "scope": "App.onClick", "scopeKind": "class", "description": "unavailable"}], "revision_history": [{"22": "31a0c70ad662a30de4bce1c8ab6ff06da6f3313c"}]}