{"is_source_file": false, "format": "", "description": "", "external_files": [], "external_methods": [], "published": [], "classes": [], "methods": [], "calls": [], "search-terms": [], "state": 2, "file_id": 8, "knowledge_revision": 17, "git_revision": "31a0c70ad662a30de4bce1c8ab6ff06da6f3313c", "hash": "6c2104b8d219ed99234ae2d6329f4357", "format-version": 4, "code-base-name": "resident_directory_frontend", "filename": "resident_directory_frontend/src/index.css", "revision_history": [{"17": "31a0c70ad662a30de4bce1c8ab6ff06da6f3313c"}]}